{
  "language": "english",
  "timestamp": "2026-01-02T09:29:08.567599Z",
  "results": {
    "xgboost": {
      "0": {
        "precision": 0.6,
        "recall": 0.6,
        "f1-score": 0.6,
        "support": 15.0
      },
      "1": {
        "precision": 0.46153846153846156,
        "recall": 0.6666666666666666,
        "f1-score": 0.5454545454545454,
        "support": 9.0
      },
      "2": {
        "precision": 0.5,
        "recall": 0.3,
        "f1-score": 0.375,
        "support": 10.0
      },
      "3": {
        "precision": 0.6111111111111112,
        "recall": 0.6470588235294118,
        "f1-score": 0.6285714285714286,
        "support": 17.0
      },
      "4": {
        "precision": 0.4,
        "recall": 0.3333333333333333,
        "f1-score": 0.36363636363636365,
        "support": 6.0
      },
      "accuracy": 0.543859649122807,
      "macro avg": {
        "precision": 0.5145299145299146,
        "recall": 0.5094117647058825,
        "f1-score": 0.5025324675324676,
        "support": 57.0
      },
      "weighted avg": {
        "precision": 0.5428550007497376,
        "recall": 0.543859649122807,
        "f1-score": 0.5355547960811118,
        "support": 57.0
      }
    },
    "svm": {
      "linear": {
        "0": {
          "precision": 0.5555555555555556,
          "recall": 0.6666666666666666,
          "f1-score": 0.6060606060606061,
          "support": 15.0
        },
        "1": {
          "precision": 0.5,
          "recall": 0.1111111111111111,
          "f1-score": 0.18181818181818182,
          "support": 9.0
        },
        "2": {
          "precision": 0.5,
          "recall": 0.2,
          "f1-score": 0.2857142857142857,
          "support": 10.0
        },
        "3": {
          "precision": 0.53125,
          "recall": 1.0,
          "f1-score": 0.6938775510204082,
          "support": 17.0
        },
        "4": {
          "precision": 1.0,
          "recall": 0.16666666666666666,
          "f1-score": 0.2857142857142857,
          "support": 6.0
        },
        "accuracy": 0.543859649122807,
        "macro avg": {
          "precision": 0.617361111111111,
          "recall": 0.4288888888888889,
          "f1-score": 0.41063698206555344,
          "support": 57.0
        },
        "weighted avg": {
          "precision": 0.5765716374269007,
          "recall": 0.543859649122807,
          "f1-score": 0.475344204667513,
          "support": 57.0
        }
      },
      "rbf": {
        "0": {
          "precision": 0.5714285714285714,
          "recall": 0.5333333333333333,
          "f1-score": 0.5517241379310345,
          "support": 15.0
        },
        "1": {
          "precision": 0.0,
          "recall": 0.0,
          "f1-score": 0.0,
          "support": 9.0
        },
        "2": {
          "precision": 0.0,
          "recall": 0.0,
          "f1-score": 0.0,
          "support": 10.0
        },
        "3": {
          "precision": 0.3953488372093023,
          "recall": 1.0,
          "f1-score": 0.5666666666666667,
          "support": 17.0
        },
        "4": {
          "precision": 0.0,
          "recall": 0.0,
          "f1-score": 0.0,
          "support": 6.0
        },
        "accuracy": 0.43859649122807015,
        "macro avg": {
          "precision": 0.19335548172757475,
          "recall": 0.30666666666666664,
          "f1-score": 0.22367816091954024,
          "support": 57.0
        },
        "weighted avg": {
          "precision": 0.26828699656117033,
          "recall": 0.43859649122807015,
          "f1-score": 0.3141964105666465,
          "support": 57.0
        }
      },
      "poly": {
        "0": {
          "precision": 0.75,
          "recall": 0.2,
          "f1-score": 0.3157894736842105,
          "support": 15.0
        },
        "1": {
          "precision": 0.0,
          "recall": 0.0,
          "f1-score": 0.0,
          "support": 9.0
        },
        "2": {
          "precision": 0.0,
          "recall": 0.0,
          "f1-score": 0.0,
          "support": 10.0
        },
        "3": {
          "precision": 0.32075471698113206,
          "recall": 1.0,
          "f1-score": 0.4857142857142857,
          "support": 17.0
        },
        "4": {
          "precision": 0.0,
          "recall": 0.0,
          "f1-score": 0.0,
          "support": 6.0
        },
        "accuracy": 0.3508771929824561,
        "macro avg": {
          "precision": 0.2141509433962264,
          "recall": 0.24,
          "f1-score": 0.16030075187969922,
          "support": 57.0
        },
        "weighted avg": {
          "precision": 0.29303210857332007,
          "recall": 0.3508771929824561,
          "f1-score": 0.2279646484632634,
          "support": 57.0
        }
      }
    }
  }
}