{
  "language": "chinese",
  "timestamp": "2026-01-02T09:27:33.336303Z",
  "results": {
    "xgboost": {
      "0": {
        "precision": 0.7261363636363637,
        "recall": 0.5499139414802066,
        "f1-score": 0.6258570029382958,
        "support": 1162.0
      },
      "1": {
        "precision": 1.0,
        "recall": 0.972972972972973,
        "f1-score": 0.9863013698630136,
        "support": 37.0
      },
      "2": {
        "precision": 1.0,
        "recall": 0.978494623655914,
        "f1-score": 0.9891304347826086,
        "support": 93.0
      },
      "3": {
        "precision": 0.9888888888888889,
        "recall": 0.9888888888888889,
        "f1-score": 0.9888888888888889,
        "support": 90.0
      },
      "4": {
        "precision": 0.9605734767025089,
        "recall": 0.8963210702341137,
        "f1-score": 0.9273356401384083,
        "support": 299.0
      },
      "5": {
        "precision": 0.975,
        "recall": 0.9069767441860465,
        "f1-score": 0.9397590361445783,
        "support": 86.0
      },
      "6": {
        "precision": 0.9658119658119658,
        "recall": 0.7197452229299363,
        "f1-score": 0.8248175182481752,
        "support": 157.0
      },
      "7": {
        "precision": 0.8933333333333333,
        "recall": 0.522077922077922,
        "f1-score": 0.659016393442623,
        "support": 385.0
      },
      "8": {
        "precision": 0.5832310838445808,
        "recall": 0.893483709273183,
        "f1-score": 0.7057658995298194,
        "support": 1596.0
      },
      "9": {
        "precision": 0.90625,
        "recall": 0.6010362694300518,
        "f1-score": 0.7227414330218068,
        "support": 193.0
      },
      "10": {
        "precision": 0.836555360281195,
        "recall": 0.6071428571428571,
        "f1-score": 0.7036215816703622,
        "support": 784.0
      },
      "11": {
        "precision": 0.9096774193548387,
        "recall": 0.7663043478260869,
        "f1-score": 0.831858407079646,
        "support": 368.0
      },
      "accuracy": 0.7266666666666667,
      "macro avg": {
        "precision": 0.8954548243211397,
        "recall": 0.7836132141748484,
        "f1-score": 0.8254244671456853,
        "support": 5250.0
      },
      "weighted avg": {
        "precision": 0.7668117121227248,
        "recall": 0.7266666666666667,
        "f1-score": 0.7256558285603579,
        "support": 5250.0
      }
    },
    "svm": {
      "linear": {
        "0": {
          "precision": 0.7017045454545454,
          "recall": 0.6376936316695353,
          "f1-score": 0.6681695220919748,
          "support": 1162.0
        },
        "1": {
          "precision": 1.0,
          "recall": 0.918918918918919,
          "f1-score": 0.9577464788732394,
          "support": 37.0
        },
        "2": {
          "precision": 1.0,
          "recall": 0.978494623655914,
          "f1-score": 0.9891304347826086,
          "support": 93.0
        },
        "3": {
          "precision": 0.9468085106382979,
          "recall": 0.9888888888888889,
          "f1-score": 0.967391304347826,
          "support": 90.0
        },
        "4": {
          "precision": 0.9814126394052045,
          "recall": 0.882943143812709,
          "f1-score": 0.9295774647887324,
          "support": 299.0
        },
        "5": {
          "precision": 0.9382716049382716,
          "recall": 0.8837209302325582,
          "f1-score": 0.9101796407185628,
          "support": 86.0
        },
        "6": {
          "precision": 0.9512195121951219,
          "recall": 0.7452229299363057,
          "f1-score": 0.8357142857142857,
          "support": 157.0
        },
        "7": {
          "precision": 0.844,
          "recall": 0.548051948051948,
          "f1-score": 0.6645669291338583,
          "support": 385.0
        },
        "8": {
          "precision": 0.6316507503410641,
          "recall": 0.8703007518796992,
          "f1-score": 0.7320158102766798,
          "support": 1596.0
        },
        "9": {
          "precision": 0.8778625954198473,
          "recall": 0.5958549222797928,
          "f1-score": 0.7098765432098766,
          "support": 193.0
        },
        "10": {
          "precision": 0.8287112561174551,
          "recall": 0.6479591836734694,
          "f1-score": 0.7272727272727273,
          "support": 784.0
        },
        "11": {
          "precision": 0.9223300970873787,
          "recall": 0.7744565217391305,
          "f1-score": 0.8419497784342689,
          "support": 368.0
        },
        "accuracy": 0.7466666666666667,
        "macro avg": {
          "precision": 0.8853309592997655,
          "recall": 0.7893755328949058,
          "f1-score": 0.82779924330372,
          "support": 5250.0
        },
        "weighted avg": {
          "precision": 0.7706053004536608,
          "recall": 0.7466666666666667,
          "f1-score": 0.7465735650570083,
          "support": 5250.0
        }
      },
      "rbf": {
        "0": {
          "precision": 0.6658476658476659,
          "recall": 0.6996557659208261,
          "f1-score": 0.6823331934536299,
          "support": 1162.0
        },
        "1": {
          "precision": 1.0,
          "recall": 0.918918918918919,
          "f1-score": 0.9577464788732394,
          "support": 37.0
        },
        "2": {
          "precision": 1.0,
          "recall": 0.978494623655914,
          "f1-score": 0.9891304347826086,
          "support": 93.0
        },
        "3": {
          "precision": 0.967391304347826,
          "recall": 0.9888888888888889,
          "f1-score": 0.978021978021978,
          "support": 90.0
        },
        "4": {
          "precision": 0.9962121212121212,
          "recall": 0.8795986622073578,
          "f1-score": 0.9342806394316163,
          "support": 299.0
        },
        "5": {
          "precision": 0.9390243902439024,
          "recall": 0.8953488372093024,
          "f1-score": 0.9166666666666666,
          "support": 86.0
        },
        "6": {
          "precision": 0.9736842105263158,
          "recall": 0.7070063694267515,
          "f1-score": 0.8191881918819188,
          "support": 157.0
        },
        "7": {
          "precision": 0.8636363636363636,
          "recall": 0.5428571428571428,
          "f1-score": 0.6666666666666666,
          "support": 385.0
        },
        "8": {
          "precision": 0.6561284046692607,
          "recall": 0.8452380952380952,
          "f1-score": 0.7387732749178533,
          "support": 1596.0
        },
        "9": {
          "precision": 0.9126984126984127,
          "recall": 0.5958549222797928,
          "f1-score": 0.7210031347962382,
          "support": 193.0
        },
        "10": {
          "precision": 0.8356807511737089,
          "recall": 0.6811224489795918,
          "f1-score": 0.7505270555165144,
          "support": 784.0
        },
        "11": {
          "precision": 0.9446366782006921,
          "recall": 0.7418478260869565,
          "f1-score": 0.8310502283105022,
          "support": 368.0
        },
        "accuracy": 0.7539047619047619,
        "macro avg": {
          "precision": 0.8962450252130223,
          "recall": 0.7895693751391283,
          "f1-score": 0.832115661943286,
          "support": 5250.0
        },
        "weighted avg": {
          "precision": 0.7773150251358666,
          "recall": 0.7539047619047619,
          "f1-score": 0.7550965340212347,
          "support": 5250.0
        }
      },
      "poly": {
        "0": {
          "precision": 0.7803030303030303,
          "recall": 0.44320137693631667,
          "f1-score": 0.5653128430296378,
          "support": 1162.0
        },
        "1": {
          "precision": 1.0,
          "recall": 0.918918918918919,
          "f1-score": 0.9577464788732394,
          "support": 37.0
        },
        "2": {
          "precision": 1.0,
          "recall": 0.978494623655914,
          "f1-score": 0.9891304347826086,